article_id	category_id	title
00010a23c3a9	3	久保建英、レアル?マドリ?移籍迫る…西マルカ「ハッピ?エンドは非常に近い」
0001a6a87c56	14	どのような生活を送りたいかによって、家のかたちは?わる。「住まいづくり」は「自分探し」
000292ce2615	1	"ZIP!で「まどマギ」パロディ？ニヤつく伊藤遼アナに""推せる""の?！加藤英美里の"
0004a19b0cc7	3	【日本ダ?ビ?】一夜明け、ロジャ?バロ?ズ陣?「理想的な展開でした」
000658a09306	14	ブル?トゥ?ス、無線、有線接???　ゲ?ミングマウス3モデル
0008232dd401	14	ちょっぴりプラスするだけ♪?分が上がるコスメ5選
000a455861ce	8	北新地で激安高級ステ―キ!? 大阪でオ?プンしたばかりの注目レストラン2選
000bc2f93f3e	2	kemioと丸山?のツ?ショットプリも！最新プリ機『AROUND20』kemioアンバサダ?就任イベントをレポ?ト！
000c559e91a7	1	米倉?子が幸せになれるのは「TOKIO松岡かTBS安住紳一?か」論?が勃?！
00111d7aceb6	14	汚れがごっそりとれる！ブロッコリ?の洗い方
00112ad2fd09	14	公園で醜態をさらしてしまった!? 恥ずかしすぎる出?事【とまぱんのゴロ?日記 第8話】
0012acaafaf7	20	南米王者へ視界良好？　ネイマ?ルらブラジル代表の“練習風景”に反響「?いスペ?スで…」
001302a8c7fd	12	成田凌、千葉雄大、??康史、高良健吾、藤原?也、小栗旬主演×?川?花監督『人間失格』出演へ
0014d3fd284f	8	精肉店ならではの味と?格をバルで味わう！神?元町「Nick Bar」
00156947f715	14	お金持ちになれる人は損してトクをとる？
00165304c843	1	?食店のピンチ“ドタキャン”をチャンスに?える！ ドタキャン料理をリ?ズナブルに提供できる情報アプリ 　正式リリ?ス前に、無料??加店?を先行募集！
0019d7e654b9	14	なるべく子供に悲しい思いをさせたくない。その結果が…「?間?乳レポ」①
001c173f84f0	11	最新調査で判明！ 男性管理職の60%が、女性と1?1のミ?ティングをするのが怖いと回答
001c586d3e3f	1	アダム?ランバ?ト、古?で「ボヘミアン?ラプソディ」を熱唱
001e53719ebd	14	赤ちゃんが夕方になると必ず大泣きするのはどうして？?昏泣きって何？
001ec8afb88b	3	【卓球】森?「思った以上に良かった」　ダブルス巧者の森??吉村ペア好?進＜香港OP＞
0022e5069584	4	Android端末で音?再生中に鳴る通知音、どうにかならない？
00231e808a9a	17	金正恩氏ブチ切れでよみがえる「スッポン?刑」の?夢
00256a39acb5	8	カリッ＆むちっどっちも大好き！京都 餃子の名店3軒
0027846d076b	3	比嘉?美子が??首位?進 成田美??7位
0029864554a2	9	暑さ吹き飛ぶスパイスの饗宴！世界を跨ぐ新作カレ?3種登場！
00299632c5d2	2	コ?ヒ?を?むと「便意」をもよおす理由
002b197e58c5	1	『家政夫のミタゾノ』第5話に安達祐?が登場！怪しげな女性を熱演
002b385ed7a3	1	キム?カ?ダシアン＆カニエ?ウェスト、第4子の名前が?表に！かなり珍しい名前って？
002bcef1cd00	17	世界の租?回避地ランキング、英?領が上位?占＝調査
002bf21bbd85	12	パニック！アット?ザ?ディスコ、米ビルボ?ド?ロック?ソング?チャ?ト首位最長記?を更新
002c89f12ac0	2	?養士が提唱「朝食にピザはヘルシ?な選?肢なのかもしれない」
002f1cce423a	22	【DIY 壁?納】ラブリコとディアウォ?ルがあれば賃貸でも安心！ 現役DIY FACTORYスタッフが?える壁面?納棚の作り方
0031fb7d3325	9	プルマン東京田町カジュアルダイニング 「KASA」サマ?メニュ?を6月１日よりスタ?ト
3.25E+11	14	健康的な暮らしへの一助に　「ドラえもん」のアナログ??度計
00330e1259f5	14	6月4日は??予防デ?！ 知っておきたい最新? ??＆?周病ケア
0033b5d0bc0f	7	ファ?ウェイの最新スマホ「P30 Pro」、下取り?格は1万4000円未?
0035169b2639	8	兵庫?立淡路島公園　約40種9000株が?き誇る『アジサイまつり』
003679b20e9f	3	勝みなみ46位 全米女子OP出場?獲得／女子世界ランク
0037c550711a	3	ツォンガ?勝 56分で初?突破
00383d7f7583	11	屋根上での作業で手すりなど設けず　死亡?災で瓦業者を送?　久留米?基署
00390132daf8	1	吉本興業が?策？入江?也の闇?業報道と山里亮太の結婚が同時期の“違和感”
003b4bd1a3dc	22	世界初? レトログラ?ドの分表示とジャンピングアワ?を備えた、本格ダイバ?ズウォッチ
003d0321719e	1	BTSが「anan」「CanCam」表紙に起用！ロサンゼルス撮り下ろしのカット?載！！
004408c6a7f9	3	インテル、名門復活にコンテ氏を起用か。最大4年契約で合意との報道も
00450cfcba30	2	毛穴、ニキビ、くすみ、シミetc.で?む人注目！今、美容界は「ビタミンCブ?ム」です!!
00451654b834	9	【三井ショッピングパ?ク ららぽ?と富士見】6月7日（金）映?『海?の子供』公開記念　ららぽ?と富士見×映?『海?の子供』　～ららぽ?とが?に染まる～
4625809195	14	とりあえずバッグに入れておけば色??る「折りたたみ式スマホスタンド」5選
004691bad115	22	【?師監修】子宮環境の?化が妊活?健康に?影響!? ?にまで？
0046d92a9e31	4	トヨタ車?：新型ハイエ?スのバッテリ?キャリアに採用！ スギ間伐材を?化?維に用いた射出材料「TABWD」（タブウッド）
004a85ecab58	17	中?SNSから締め出されたBBC記者、復活まで恐怖の過程
004c1fa552ba	6	「キン肉マン」超人?鑑が??から??、企?者はジャンクマンの生みの親
004c7fdc884b	2	ワゴンとSUVのいいとこ取り、ボルボ 新型「V60 クロスカントリ?」
004d35fc0596	20	「この?いに負けてたまるか」　日本代表MF香川、”現?を見た1年”で目?めた反骨心
004d9e06c081	14	子どもが自?車に?れるメリットは？わが子が?り始めたタイミングはいつごろだった？
004e263aca97	14	「キハチ カフェ」に新作！“ケ?キみたいなかき氷”が登場
004e8ca2c0a4	6	「ブラッククロ?バ?」王撰騎士?の新たな?い予感させる新ビジュアル公開
004ea84c2d04	3	メジャ?直前 畑岡奈紗はPO負けの雪辱なるか
004ebd2ef60f	2	【?子座】鏡リュウジの12星座別ホロスコ?プ（2019年6月12日?7月11日）
0050801e38a3	3	全?ベスト４チ?ムのル?ツは高校野球?豪校にあり
005111c06039	10	言われて嬉しくないワケない♡男が純?に喜ぶ「最?のひとこと」4つ
0051616248ba	3	【GKスト?リ?】大迫敬介と若原智哉。19?の新世代守護神がかわした熱いエ?ル
005198cf2190	27	「アラジン」の世界?を表現したジュエリ???、1200万円の特別な一品も
0053c2b66326	11	フジテレビ、「全番組をクラウド管理」で狙う?益機?
005403fbb964	8	モスバ?ガ?史上最も辛い!「チキンバ?ガ?」爆誕
0054aa1ac170	2	NEW IN♡NIKE AIR RIFTの新色ゴ?ルド
005686814a7a	11	「?面なし」で手?に家探し！??から入居までスマホで完結
00575ca710e1	12	高橋優による野外音?フェス、クリ?プハイプ/ゴスペラ?ズ/阿部?央/スカパラら出演者第一?
00580288ca02	8	"JR夜行バス""北陸ドリ?ム四??""6月登場 北陸と四?を結ぶ"
005acd58d8a5	1	「新フリ?美女アナ四天王」の艶仕掛けに?をつけろッ！（3）宇垣美里はオタクキラ?として活躍？
005d1ff9dad9	9	仲間と一?にビ?ルで乾杯！夏季限定ベイサイド?ビアガ?デン『パイレ?ツ?ビアガ?デン』開催
005e2913f166	8	フル?ティ?でビタ?な味わいがクセになる！大人?お取り寄せカレ?が神?に?店?をオ?プン！
005ed20e3979	14	劇?EXILE佐藤?太出演“時めき”?載セイコ?ルキアweb限定CM公開
00605d396949	14	コマオ?、名前をつけてもらう！
00623a283117	1	松本人志、娘が連れてきたらイヤな人物像を明かす
006243b07ca1	10	インスタでも話題？！彼も胸キュン、デ?トの時に役立つリボンヘアアレンジ
00625dee9630	11	ドル円買い?略であれば、108.90円での利食い、そして途??りが機能しそうだ
00636d4bdbd4	8	"HIS、海外航空券+ホテル予約に使える5,000円引きク?ポン配布中　10日まで"
006508cb4cb5	8	絶景を見にでかけよう！六甲山おしゃれスポットで大人の遠足
0066f7435a16	17	ロ?マ字表記の姓名順、自身はYoshihide Sugaのまま＝菅官房長官
006809e0f6fd	10	絡みにくっ…！男にが遠ざかる「避けられ女子」の特?4つ
00695b1e08b2	14	赤ちゃん、子供が大好きなアンパンマンの車のおもちゃ10選！
006b345e955a	14	何度離れても、おしりをピタッ！　ご主人大好きな行動
006b3b90c43d	2	今年の柄ものは甘く着ない！大人っぽく高見えする辛口コ?デ
006caf477d09	4	OHVとは？ 自動車の?史で最も古いが今でも愛されるエンジン
006d8b978170	14	仕事や離婚、別居で父親が?られない休日??。子どもを休ませる？母親が行く？
007136ce68d9	3	ヤクルト、49年ぶりの屈辱。リ?グワ?ストタイ16連敗　前半に大量失点、打線も4安打完封
0073ca78dbaf	6	「PSO2」のTVアニメ「ファンタシ?スタ?オンライン2 ジ アニメ?ション」がBD BOXで復活！ パッケ?ジ限定アイテムコ?ドも付?!!
00773adee6a5	20	乾貴士、日本代表FW大迫との2ショット公開で珍要求　「半端ないって」「聞いてみたい」
0077d83fdab5	11	株主優待でちょっとしたお得を感じる方法
00793f15e38e	3	日本代表招集に意??むDF?安健洋「全力で頑張ります」《キリンチャレンジカップ2019》
0079d2c32d77	4	自然電力：バ?チャルパワ?プラント構築??事業に?加
007a0faf9c73	12	カ?ディ?B、ソングライタ?ではないとの批判に反論「?際私は自分の曲の多くを書いてる」
007b7e06ec03	2	ヘンリ?王子、女王主催のガ?デンパ?ティでメ?ガン妃の代わりにゲストをもてなす
007d6915aedd	8	アマゾンＣＥＯ　ジェフ?ベゾスのリ?ダ?シップを?ぶ
007e6736fc80	10	ドラマのキスシ?ンに反?…彼氏がいないとドキっとしちゃう瞬間4つ
00802db49854	14	?育と虐待の境目「 一線を越えないために知っておきたいこと」【「?育」が「虐待」に?わるとき 第2回】
00805b3af15e	2	「３年計?」を立てて生きると、人生の?みは少なくなる
008218eb7ef7	14	ナウシカ、ラピュタ、トトロも　スタジオジブリ5作品モチ?フ「GIベルト」
00821c511d7e	3	ア?セナルが21?の露代表CFに注目　今季CSKAでリ?グ?15ゴ?ル
